{"cameraMode":{"drawMode":0,"name":"Shaded","section":"Shading Mode"},"sceneLighting":true,"audioPlay":false,"sceneViewState":{"m_AlwaysRefresh":false,"showFog":true,"showSkybox":true,"showFlares":true,"showImageEffects":true,"showParticleSystems":true,"showVisualEffectGraphs":true,"m_FxEnabled":true},"in2DMode":false,"pivot":{"x":-30.246875762939454,"y":2.3670718669891359,"z":-5.652469635009766},"rotation":{"x":0.025847695767879487,"y":-0.7094000577926636,"z":0.02634170837700367,"w":0.7044082880020142},"size":1.778759241104126,"orthographic":false}