{"cameraMode":{"drawMode":0,"name":"Shaded","section":"Shading Mode"},"sceneLighting":true,"audioPlay":false,"sceneViewState":{"m_AlwaysRefresh":false,"showFog":true,"showSkybox":true,"showFlares":true,"showImageEffects":true,"showParticleSystems":true,"showVisualEffectGraphs":true,"m_FxEnabled":true},"in2DMode":false,"pivot":{"x":386.7914733886719,"y":211.8905029296875,"z":43.5174560546875},"rotation":{"x":0.014701099134981633,"y":-0.005700602196156979,"z":-0.00031644533737562597,"w":-1.000017762184143},"size":198.415771484375,"orthographic":false}