{"cameraMode":{"drawMode":0,"name":"Shaded","section":"Shading Mode"},"sceneLighting":true,"audioPlay":false,"sceneViewState":{"m_AlwaysRefresh":false,"showFog":true,"showSkybox":true,"showFlares":true,"showImageEffects":true,"showParticleSystems":true,"showVisualEffectGraphs":true,"m_FxEnabled":true},"in2DMode":false,"pivot":{"x":-40.966217041015628,"y":-3.6464788913726808,"z":29.107776641845704},"rotation":{"x":-0.14494630694389344,"y":0.6979677677154541,"z":-0.14788192510604859,"w":-0.6861009001731873},"size":15.858844757080079,"orthographic":false}