{"cameraMode":{"drawMode":0,"name":"Shaded","section":"Shading Mode"},"sceneLighting":true,"audioPlay":false,"sceneViewState":{"m_AlwaysRefresh":false,"showFog":true,"showSkybox":true,"showFlares":true,"showImageEffects":true,"showParticleSystems":true,"showVisualEffectGraphs":true,"m_FxEnabled":true},"in2DMode":false,"pivot":{"x":-3.716369152069092,"y":-2.2532196044921877,"z":12.327390670776368},"rotation":{"x":-0.14272406697273255,"y":0.20447954535484315,"z":-0.030289189890027047,"w":-0.9681234955787659},"size":15.453214645385743,"orthographic":false}