{"cameraMode":{"drawMode":0,"name":"Shaded","section":"Shading Mode"},"sceneLighting":true,"audioPlay":false,"sceneViewState":{"m_AlwaysRefresh":false,"showFog":true,"showSkybox":true,"showFlares":true,"showImageEffects":true,"showParticleSystems":true,"showVisualEffectGraphs":true,"m_FxEnabled":true},"in2DMode":false,"pivot":{"x":-32.85980987548828,"y":1.4879344701766968,"z":-5.611856937408447},"rotation":{"x":-0.0036666712258011104,"y":-0.9931995272636414,"z":0.11310910433530808,"w":-0.03098776377737522},"size":1.4157507419586182,"orthographic":false}