{"cameraMode":{"drawMode":0,"name":"Shaded","section":"Shading Mode"},"sceneLighting":true,"audioPlay":false,"sceneViewState":{"m_AlwaysRefresh":false,"showFog":true,"showSkybox":true,"showFlares":true,"showImageEffects":true,"showParticleSystems":true,"showVisualEffectGraphs":true,"m_FxEnabled":true},"in2DMode":false,"pivot":{"x":-22.409481048583986,"y":-0.11091311275959015,"z":24.318134307861329},"rotation":{"x":-0.059902653098106387,"y":0.4178556501865387,"z":-0.027623731642961503,"w":-0.9063630104064941},"size":13.996947288513184,"orthographic":false}